# How Michael Rosen actually says things, where CMU disagrees.
#
# CMU is an American dictionary and the splicer trusts it about what sounds a
# clip contains. For a British speaker that is sometimes simply wrong, and the
# splicer then cuts a sound the recording does not hold: "mate" was being built
# from the middle of "tomato", because CMU says tom-AY-to. Rosen says
# tom-AH-to, so what came out was "mart".
#
# word,how-to-say-it -- ARPAbet, or words that already sound right.

tomato,T AH M AA T OW
tomatoes,T AH M AA T OW Z
either,AY DH ER
